{
    "header": {
        "stamp": {
            "sec": 0,
            "nanosec": 0
        },
        "frame_id": "lidar"
    },
    "child_frame_id": "camera0/camera_link",
    "transform": {
        "translation": {
            "x": -0.04509735842880637,
            "y": -0.1731716117590576,
            "z": -0.060418491006618134
        },
        "rotation": {
            "x": -0.008410262019048556,
            "y": -0.004045539694024214,
            "z": -0.24624636172477754,
            "w": 0.9691623344098065
        }
    },
    "roll": -0.01431093553104709,
    "pitch": -0.011983849070939499,
    "yaw": -0.4975472637946212
}