{
    "header": {
        "stamp": {
            "sec": 0,
            "nanosec": 0
        },
        "frame_id": "lidar"
    },
    "child_frame_id": "camera1/camera_link",
    "transform": {
        "translation": {
            "x": 0.03976489071729864,
            "y": 0.07806482802525835,
            "z": -0.048085603114749964
        },
        "rotation": {
            "x": 0.00017461693739684805,
            "y": -0.0026550367114119844,
            "z": 0.21970398983892234,
            "w": 0.9755629539593254
        }
    },
    "roll": -0.0008259561940571465,
    "pitch": -0.005257063204414981,
    "yaw": 0.4430258380269935
}